{"cameraMode":{"drawMode":0,"name":"Shaded","section":"Shading Mode"},"sceneLighting":false,"audioPlay":false,"sceneViewState":{"m_AlwaysRefresh":false,"showFog":true,"showSkybox":false,"showFlares":true,"showImageEffects":true,"showParticleSystems":true,"showVisualEffectGraphs":true,"m_FxEnabled":true},"in2DMode":false,"pivot":{"x":-0.05931800603866577,"y":1.1479814052581788,"z":0.00904470682144165},"rotation":{"x":0.2785993814468384,"y":-0.12916143238544465,"z":0.037841565907001498,"w":0.9509303569793701},"size":10.884221076965332,"orthographic":true}