{"cameraMode":{"drawMode":0,"name":"Shaded","section":"Shading Mode"},"sceneLighting":true,"audioPlay":false,"sceneViewState":{"m_AlwaysRefresh":false,"showFog":true,"showSkybox":true,"showFlares":true,"showImageEffects":true,"showParticleSystems":true,"showVisualEffectGraphs":true,"m_FxEnabled":true},"in2DMode":false,"pivot":{"x":36.470001220703128,"y":0.47999998927116396,"z":36.209999084472659},"rotation":{"x":-0.18964627385139466,"y":0.12193284183740616,"z":-0.023758631199598314,"w":-0.9739787578582764},"size":28.10999870300293,"orthographic":true}