{"cameraMode":{"drawMode":0,"name":"Shaded","section":"Shading Mode"},"sceneLighting":true,"audioPlay":false,"sceneViewState":{"m_AlwaysRefresh":false,"showFog":true,"showSkybox":true,"showFlares":true,"showImageEffects":true,"showParticleSystems":true,"showVisualEffectGraphs":true,"m_FxEnabled":true},"in2DMode":false,"pivot":{"x":30.938404083251954,"y":3.609722852706909,"z":5.568127632141113},"rotation":{"x":0.3038928508758545,"y":-0.035715751349925998,"z":0.011401833966374398,"w":0.9519690275192261},"size":40.10669708251953,"orthographic":true}