{"cameraMode":{"drawMode":0,"name":"Shaded","section":"Shading Mode"},"sceneLighting":true,"audioPlay":false,"sceneViewState":{"m_AlwaysRefresh":false,"showFog":true,"showSkybox":true,"showFlares":true,"showImageEffects":true,"showParticleSystems":true,"showVisualEffectGraphs":true,"m_FxEnabled":true},"in2DMode":false,"pivot":{"x":47.601741790771487,"y":3.435884952545166,"z":-0.4687466621398926},"rotation":{"x":-0.18964627385139466,"y":0.12193284183740616,"z":-0.023758631199598314,"w":-0.9739787578582764},"size":4.327212810516357,"orthographic":true}