{"cameraMode":{"drawMode":0,"name":"Shaded","section":"Shading Mode"},"sceneLighting":false,"audioPlay":false,"sceneViewState":{"m_AlwaysRefresh":false,"showFog":true,"showSkybox":false,"showFlares":true,"showImageEffects":true,"showParticleSystems":true,"showVisualEffectGraphs":true,"m_FxEnabled":true},"in2DMode":false,"pivot":{"x":3.370971202850342,"y":1.1479814052581788,"z":-3.463054656982422},"rotation":{"x":0.2785993814468384,"y":-0.12916143238544465,"z":0.037841565907001498,"w":0.9509303569793701},"size":1.9275261163711548,"orthographic":true}