{"cameraMode":{"drawMode":0,"name":"Shaded","section":"Shading Mode"},"sceneLighting":false,"audioPlay":false,"sceneViewState":{"m_AlwaysRefresh":false,"showFog":true,"showSkybox":false,"showFlares":true,"showImageEffects":true,"showParticleSystems":true,"showVisualEffectGraphs":true,"m_FxEnabled":true},"in2DMode":false,"pivot":{"x":-0.09805786609649658,"y":2.3113107681274416,"z":0.07764565944671631},"rotation":{"x":0.3038928508758545,"y":-0.035715751349925998,"z":0.011401833966374398,"w":0.9519690275192261},"size":4.836533546447754,"orthographic":true}