{"cameraMode":{"drawMode":0,"name":"Shaded","section":"Shading Mode"},"sceneLighting":true,"audioPlay":false,"sceneViewState":{"m_AlwaysRefresh":true,"showFog":true,"showSkybox":true,"showFlares":true,"showImageEffects":true,"showParticleSystems":true,"showVisualEffectGraphs":true,"m_FxEnabled":true},"in2DMode":false,"pivot":{"x":28.133779525756837,"y":-12.551009178161621,"z":27.326221466064454},"rotation":{"x":0.3742985725402832,"y":-0.09573012590408325,"z":0.03887688368558884,"w":0.9215429425239563},"size":38.39036560058594,"orthographic":false}